file,prompt,name,alt,ar,position
https://thingstodoinparaguay.com/wp-content/uploads/2025/07/cerro-cora.jpg,cerro cora national park landscape,cerro-cora-national-park-view,Rolling green hills and rock formations at Cerro Cora National Park in Paraguay,21:9,attention
https://thingstodoinparaguay.com/wp-content/uploads/2025/07/chaco.jpg,aerial view of chaco wetlands,chaco-wetlands-aerial-view,Aerial view of winding rivers and dense wetland forest in the Paraguayan Chaco,21:9,attention
https://thingstodoinparaguay.com/wp-content/uploads/2025/07/jesuit-misions-scaled.jpg,jesuit ruins trinidad courtyard,jesuit-ruins-trinidad-courtyard,Brick columns and grass courtyard of the Jesuit ruins of Trinidad in Paraguay,21:9,attention
https://thingstodoinparaguay.com/wp-content/uploads/2025/07/aregua.jpg,aerial view of aregua church town,aregua-church-aerial-view,Aerial view of the white church and town of Aregua surrounded by hills and trees,3:2,attention
https://thingstodoinparaguay.com/wp-content/uploads/2025/07/encarnacion.jpg,encarnacion skyline from the river,encarnacion-riverfront-skyline,Skyline of Encarnacion city seen across the water at golden hour,21:9,attention
https://thingstodoinparaguay.com/wp-content/uploads/2026/01/sanber-paraguay-1.jpg,yo amo san bernardino sign on lakefront,san-bernardino-lakefront-sign,Colorful Yo Amo San Ber sign on the lakefront promenade of San Bernardino,3:2,attention
https://thingstodoinparaguay.com/wp-content/uploads/2025/07/asu-2.jpg,tourists in front of historic asuncion building,asuncion-historic-building-street,Tourists gather in front of a restored historic building on a downtown Asuncion street,3:2,attention
https://thingstodoinparaguay.com/wp-content/uploads/2025/12/carne-paraguay-scaled.jpg,grilled paraguayan beef steak plate,asado-paraguayo-carne-a-la-parrilla,Sliced grilled steak served with garlic and herbs on a dark plate Paraguayan asado style,3:2,attention
https://thingstodoinparaguay.com/wp-content/uploads/2025/12/bar-asuncion.jpg,rooftop bar at night with asuncion skyline,rooftop-bar-asuncion-skyline-night,Crowded rooftop bar with string lights overlooking the illuminated Asuncion skyline at night,21:9,attention
https://thingstodoinparaguay.com/wp-content/uploads/2025/12/paraguay-souvenir.jpg,paraguayan crafts market stall,paraguay-souvenir-market-crafts,Market stall displaying traditional Paraguayan crafts including mate gourds lace and ceramics,3:2,attention
https://thingstodoinparaguay.com/wp-content/uploads/2025/12/itaipu-dam-paraguay.jpg,tourists viewing itaipu dam with rainbow,itaipu-dam-viewpoint-rainbow,Tourists in hard hats watch water rushing over Itaipu Dam with a rainbow forming,21:9,attention
https://thingstodoinparaguay.com/wp-content/uploads/2026/01/itaipu-paraguay.jpg,family looking at itaipu dam from viewpoint,itaipu-dam-family-viewpoint,Family looks out over the Itaipu Binacional dam spillway from an observation deck,21:9,attention
https://thingstodoinparaguay.com/wp-content/uploads/2026/01/itaipu-tour.jpg,close up of itaipu dam spillway rainbow,itaipu-dam-spillway-closeup,Close up of powerful water release at Itaipu Dam spillway with a bright rainbow,21:9,attention
https://thingstodoinparaguay.com/wp-content/uploads/2025/12/salto-cristal-paraguay.jpg,people swimming at salto cristal waterfall,salto-cristal-waterfall-swimming,People swim in a turquoise pool beneath the Salto Cristal waterfall while another rappels down,3:2,attention
https://thingstodoinparaguay.com/wp-content/uploads/2025/12/san-bernardino-paraguay.jpg,sunset walk on san bernardino lakefront,san-bernardino-sunset-promenade,Families stroll along the palm lined lakefront promenade of San Bernardino at sunset,21:9,attention
https://thingstodoinparaguay.com/wp-content/uploads/2025/12/yerba-mate-tour-paraguay.jpg,farmer harvesting yerba mate leaves,yerba-mate-farmer-harvest,Smiling farmer in a straw hat harvests yerba mate leaves on a rural plantation,3:2,attention
https://thingstodoinparaguay.com/wp-content/uploads/2025/12/birdwatching-paraguay.jpg,birdwatcher photographing a toco toucan,birdwatching-toco-toucan-paraguay,Birdwatcher with binoculars observes a toco toucan perched on a branch,3:2,attention
https://thingstodoinparaguay.com/wp-content/uploads/2025/12/fishing-paraguay.jpg,fishermen catching a dorado at sunset,dorado-fishing-river-sunset,Two fishermen reel in a leaping dorado fish from a boat at sunset,21:9,attention
https://thingstodoinparaguay.com/wp-content/uploads/2025/12/iguazu-falls.jpg,aerial view of iguazu falls,iguazu-falls-aerial-panorama,Aerial panorama of the wide cascading Iguazu Falls surrounded by rainforest,21:9,attention
https://thingstodoinparaguay.com/wp-content/uploads/2026/01/cataratas-yguazu.jpg,iguazu falls with rainbow,iguazu-falls-rainbow-panorama,Wide panorama of Iguazu Falls with a full rainbow arching over the cascades,21:9,attention
https://thingstodoinparaguay.com/wp-content/uploads/2026/01/cataratas-iguacu.jpg,close up of iguazu falls cascade,iguazu-falls-cascade-closeup,Close up view looking down into the powerful misty cascade of Iguazu Falls,21:9,attention
https://thingstodoinparaguay.com/wp-content/uploads/2025/12/restaurant-asuncion-paraguay.jpg,lido bar historic asuncion restaurant interior,lido-bar-asuncion-interior,Diners at the counter of the historic Lido Bar restaurant in downtown Asuncion since 1953,3:2,attention
https://thingstodoinparaguay.com/wp-content/uploads/2025/12/paraguay-tourism-guide.jpg,tour guide with group in front of pantheon of heroes,pantheon-heroes-tour-group,Tour guide talks to a group of tourists in front of the Pantheon of Heroes in Asuncion,3:2,attention
https://thingstodoinparaguay.com/wp-content/uploads/2025/12/school-paraguay.jpg,family greeted at american school of asuncion,american-school-asuncion-entrance,A family is greeted by staff in front of the American School of Asuncion building,3:2,attention
https://thingstodoinparaguay.com/wp-content/uploads/2025/12/private-driver-paraguay.jpg,driver opening car door at gran hotel del paraguay,private-driver-gran-hotel-paraguay,Uniformed driver opens a car door for a guest outside the Gran Hotel del Paraguay,3:2,attention
https://thingstodoinparaguay.com/wp-content/uploads/2025/12/airoport-transfer-paraguay.jpg,driver welcoming tourists at silvio pettirossi airport,airport-transfer-silvio-pettirossi,Driver holds a welcome sign for arriving tourists outside Silvio Pettirossi International Airport,3:2,attention
https://thingstodoinparaguay.com/wp-content/uploads/2025/07/ruinas.jpg,stone archway at jesuit ruins,jesuit-ruins-stone-archway,Stone archway leading into the moss covered walls of a Jesuit mission ruin,3:2,attention
https://thingstodoinparaguay.com/wp-content/uploads/2025/12/ruins-paraguay.jpg,jesuit ruins at night under milky way,jesuit-ruins-night-milky-way,Illuminated Jesuit mission ruins at night beneath a sky full of stars and the Milky Way,21:9,attention
https://thingstodoinparaguay.com/wp-content/uploads/2025/07/ZFFSH3PJQRGG5FWNDOHJA3Z3IM-Mediana.jpg,chipa bread with mate and paraguay flag,chipa-mate-paraguay-flag,Traditional chipa bread rings next to a mate cup and a Paraguayan flag ribbon,3:2,attention
https://thingstodoinparaguay.com/wp-content/uploads/2025/12/food-park-paraguay.jpg,lomiteria el gaucho street food at night,lomiteria-el-gaucho-street-food,Diners eat at outdoor tables next to a smoking grill at Lomiteria El Gaucho at night,21:9,attention
https://thingstodoinparaguay.com/wp-content/uploads/2025/12/paraguay-food-tour.jpg,street vendor cooking flatbread black and white,street-vendor-cooking-flatbread,Black and white photo of a street vendor cooking traditional flatbread over an open grill,3:2,attention
https://thingstodoinparaguay.com/wp-content/uploads/2025/07/WhatsApp-Image-2025-07-24-at-1.31.54-PM.jpeg,sliced sopa paraguaya cornbread on plate,sopa-paraguaya-cornbread-slices,Slices of traditional Paraguayan sopa paraguaya cornbread served on a plate,3:2,attention
https://thingstodoinparaguay.com/wp-content/uploads/2025/07/caacupe-scaled-e1767364235412.jpg,basilica of caacupe facade,basilica-caacupe-facade,Front facade and dome of the Basilica of Caacupe pilgrimage site in Paraguay,3:2,attention
https://thingstodoinparaguay.com/wp-content/uploads/2025/07/WhatsApp-Image-2025-07-15-at-11.20.53-AM.jpeg,people swimming at sunset by riverside building,riverside-sunset-swim-paraguay,People swim in calm river water at dusk near a historic riverside building,1:1,attention
