url,status,title,meta_description,canonical,h1,h2s,robots
"/","200","thingstodoinparaguay.com","","https://thingstodoinparaguay.com/","","Discover. Wander. Be Inspired. | Paraguay: A Land of Surprises, Culture, and Natural Beauty | Canindeyú | Areguá | Encarnación | San Bernardino | Experience The New Adventure | Experience Asunción | Asuncion City Tour | Food Paraguay Tour | Bars Asuncion Tour | Restaurants Asuncion Guide | Shopping Asuncion | Paraguay Souvenirs | Explore Paraguay (Day Trips & Nature) | Paraguay Culture Tour (The Golden Circuit) | Jesuit Ruins Tour | Itaipu Dam Tour | Salto Cristal Tour | San Bernardino Trip | Yerba Mate Tour | Bird Watching | Fishing Charters | Iguazu Falls from Asuncion | Relocation & Living | Apartment Hunting | School Placement | Paraguay Residency Service | Paraguay Real Estate Tour | Logistics & Concierge | Private Driver | Airport Transfer | Healthcare Paraguay | Travel Planner | Paraguay Tourism Guide | Start Exploring Now | Join Our Asian Travel Trip | Enjoy Our Best Quality Tour & Experience | Read Our Latest Travel Blog & Tips Here | Still Wondering Where to Start? | Page | Important Link | Our Newsletter","max-image-preview:large"
"/about/","200","About – thingstodoinparaguay.com","","https://thingstodoinparaguay.com/about/","About","Discover Paraguay: South America’s Hidden Gem | Meet the Passionate Team Behind Your Travel Adventures. | Page | Important Link | Our Newsletter","max-image-preview:large"
"/about2/","200","About2 – thingstodoinparaguay.com","","https://thingstodoinparaguay.com/about2/","","Welcome to the Heart of South America | Discover Paraguay with Us | Two Worlds. One Passion for Paraguay. | Join Us! | Structure Meets Soul | Travel Destination | Tour Partner | Hotel & Accomodation | Meet The Team | Frequently Asked Questions | Our Philosophy | Who We Serve | Sharing Paraguay’s Soul With the World | Page | Important Link | Our Newsletter","max-image-preview:large"
"/airport-transfer-paraguay/","200","Airport Transfer in Paraguay: Stress-free travel from the moment you land – thingstodoinparaguay.com","","https://thingstodoinparaguay.com/airport-transfer-paraguay/","","Airport Transfer in Paraguay: Stress-free travel from the moment you land | Leave a Reply Cancel reply | Page | Important Link | Our Newsletter","max-image-preview:large"
"/airport-transfer/","200","Airport Transfer – thingstodoinparaguay.com","","https://thingstodoinparaguay.com/airport-transfer/","Airport Transfer | Why Choose Us? | Practical Information","Safety First | English Support | FAQ | Start Your Trip the Right Way. Welcome to Paraguay. | Page | Important Link | Our Newsletter","max-image-preview:large"
"/anton-single-service-test/","200","anton single service test – thingstodoinparaguay.com","","https://thingstodoinparaguay.com/anton-single-service-test/","anton single service test","Page | Important Link | Our Newsletter","max-image-preview:large"
"/apartment-hunting/","200","Apartment Hunting – thingstodoinparaguay.com","","https://thingstodoinparaguay.com/apartment-hunting/","Apartment Hunting | Why Choose This Tour? | Practical Information","FAQ | Stop Searching. Start Living. Your Keys are Waiting. | Page | Important Link | Our Newsletter","max-image-preview:large"
"/asuncion-bus-terminal/","200","Your Gateway to Paraguay: A Complete Guide to the Asunción Bus Terminal – thingstodoinparaguay.com","","https://thingstodoinparaguay.com/asuncion-bus-terminal/","","Your Gateway to Paraguay: A Complete Guide to the Asunción Bus Terminal | Leave a Reply Cancel reply | Page | Important Link | Our Newsletter","max-image-preview:large"
"/asuncion-city-tour/","200","Asuncion City Tour – thingstodoinparaguay.com","","https://thingstodoinparaguay.com/asuncion-city-tour/","Asuncion City Tour","Context | The Experience | Why it matters | Context | The Experience | Why it matters | Context | The Experience | Why it matters | Page | Important Link | Our Newsletter","max-image-preview:large"
"/atlantic-forest-paraguay/","200","Discover Paraguay’s hidden jungle: the Atlantic forest – thingstodoinparaguay.com","","https://thingstodoinparaguay.com/atlantic-forest-paraguay/","","Discover Paraguay’s hidden jungle: the Atlantic forest | Leave a Reply Cancel reply | Page | Important Link | Our Newsletter","max-image-preview:large"
"/bars-asuncion-tour/","200","Bars Asuncion Tour – thingstodoinparaguay.com","","https://thingstodoinparaguay.com/bars-asuncion-tour/","Bars Asuncion Tour | What The Tour Includes","Verified Safety | English Speaking Guide | Curated Itinerary | VIP Access | FAQ | Ready to own the night? | Page | Important Link | Our Newsletter","max-image-preview:large"
"/best-neighborhoods-to-live-in-asuncion-where-should-you-settle-down-in-2025/","200","Best Neighborhoods to Live in Asunción: Where Should You Settle Down in 2025? – thingstodoinparaguay.com","","https://thingstodoinparaguay.com/best-neighborhoods-to-live-in-asuncion-where-should-you-settle-down-in-2025/","","Best Neighborhoods to Live in Asunción: Where Should You Settle Down in 2025? | Leave a Reply Cancel reply | Page | Important Link | Our Newsletter","max-image-preview:large"
"/bird-watching/","200","Bird Watching – thingstodoinparaguay.com","","https://thingstodoinparaguay.com/bird-watching/","Bird Watching | Why Choose This Tour? | Practical Information","The Asunción Bay (The Surprise) | The Atlantic Forest (The Color) | The Chaco (The Giants) | FAQ | Keep Your Eyes on the Sky The Birds are Waiting. | Page | Important Link | Our Newsletter","max-image-preview:large"
"/blog/","200","Blog – thingstodoinparaguay.com","","","","Our Latest Travel Article, News & Promo | Get Closer With Us & Get Special Promo | Page | Important Link | Our Newsletter","max-image-preview:large"
"/caacupe/","200","Caacupé – Spiritual Soul of Paraguay – thingstodoinparaguay.com","","https://thingstodoinparaguay.com/caacupe/","","Caacupé – Spiritual Soul of Paraguay | Leave a Reply Cancel reply | Page | Important Link | Our Newsletter","max-image-preview:large"
"/cerro-cora-park/","200","Cerro Corá National Park: Hiking, Wildlife & History in Paraguay – thingstodoinparaguay.com","","https://thingstodoinparaguay.com/cerro-cora-park/","","Cerro Corá National Park: Hiking, Wildlife & History in Paraguay | Leave a Reply Cancel reply | Page | Important Link | Our Newsletter","max-image-preview:large"
"/complejo-ecologico-techapyra/","200","Discover the Hidden wonder of Caaguazú: Complejo Ecológico Techapyrã – thingstodoinparaguay.com","","https://thingstodoinparaguay.com/complejo-ecologico-techapyra/","","Discover the Hidden wonder of Caaguazú: Complejo Ecológico Techapyrã | Leave a Reply Cancel reply | Page | Important Link | Our Newsletter","max-image-preview:large"
"/contact/","200","Contact – thingstodoinparaguay.com","","https://thingstodoinparaguay.com/contact/","","Contact Us Today | Get Closer With Us | Office Address | Office Phone Number | Email Address | Follow Our Social Media | Page | Important Link | Our Newsletter","max-image-preview:large"
"/cost-of-living-paraguay/","200","Cost of Living in Paraguay:What It’s Really Like for Foreigners in 2025 – thingstodoinparaguay.com","","https://thingstodoinparaguay.com/cost-of-living-paraguay/","","Cost of Living in Paraguay:What It’s Really Like for Foreigners in 2025 | Leave a Reply Cancel reply | Page | Important Link | Our Newsletter","max-image-preview:large"
"/day-trips-asuncion/","200","Day Trips from Asunción – thingstodoinparaguay.com","","https://thingstodoinparaguay.com/day-trips-asuncion/","Day Trips from Asunción | Why Choose This Tour? | Practical Information","Option A: The Golden Circuit (Circuito de Oro) | Option B: The Franciscan Route (History & Hills) | Option C: Eco-Adventure (Waterfalls & Canopy) | FAQ | Escape the City for a Day. | Page | Important Link | Our Newsletter","max-image-preview:large"
"/destination-detail/","200","Destination Detail2 – thingstodoinparaguay.com","","https://thingstodoinparaguay.com/destination-detail/","","Bali, Indonesia | Most Popular Destination in Bali Today | Kelingking Beach | Ubud Market | Pura Uluwatu | Mount Batur | Accomodation | Activity | Book a flight | Popular list | Read Our Latest Travel Blog & Tips Here | Get Closer With Us & Get Special Promo | Page | Important Link | Our Newsletter","max-image-preview:large"
"/destinations/","200","Destinations – thingstodoinparaguay.com","","https://thingstodoinparaguay.com/destinations/","","Explore The Destination With Us | The Most Favorite Destination in Asia | Bangkok, Thailand | Tokyo, Japan | Bali, Indonesia | Bromo, Indonesia | Old Bagan, Myanmar | Cappadocia, Turkey | NTT, Indonesia | Phuket, Thailand | Shibuya, Japan | Enjoy Our Best Quality Tour & Experience | We Are The Most Popular Travel & Tour Company | Travel Destination | Tour Partner | Hotel & Accomodation | Get Closer With Us & Get Special Promo | Page | Important Link | Our Newsletter","max-image-preview:large"
"/essential-guide-paraguay/","200","Essential Guide to Paraguay: Regions, Climate, Customs & Services – thingstodoinparaguay.com","","https://thingstodoinparaguay.com/essential-guide-paraguay/","","Essential Guide to Paraguay: Regions, Climate, Customs & Services | Leave a Reply Cancel reply | Page | Important Link | Our Newsletter","max-image-preview:large"
"/exploring-ciudad-del-este/","200","Exploring the Soul of Ciudad del Este – thingstodoinparaguay.com","","https://thingstodoinparaguay.com/exploring-ciudad-del-este/","","Exploring the Soul of Ciudad del Este | Leave a Reply Cancel reply | Page | Important Link | Our Newsletter","max-image-preview:large"
"/faq2/","200","FAQ2 – thingstodoinparaguay.com","","https://thingstodoinparaguay.com/faq2/","","Frequently Asked Question | You Have Questions. We Have Answers. | Message us today! | Asunción | Encarnación | Ciudad del Este | Chaco | San Bernardino | Page | Important Link | Our Newsletter","max-image-preview:large"
"/filadelfia-chaco/","200","Filadelfia, Chaco – A Journey into the Mennonite Heart of Paraguay – thingstodoinparaguay.com","","https://thingstodoinparaguay.com/filadelfia-chaco/","","Filadelfia, Chaco – A Journey into the Mennonite Heart of Paraguay | Leave a Reply Cancel reply | Page | Important Link | Our Newsletter","max-image-preview:large"
"/fishing-charters/","200","Fishing Charters – thingstodoinparaguay.com","","https://thingstodoinparaguay.com/fishing-charters/","Fishing Charters | Why Choose This Tour? | Practical Information","The Golden Dorado (El Tigre) | The Surubí (The Giant) | Pacú & Boga (The Table Fare) | FAQ | The River is Calling. | Page | Important Link | Our Newsletter","max-image-preview:large"
"/food-paraguay-tour/","200","Food Paraguay Tour – thingstodoinparaguay.com","","https://thingstodoinparaguay.com/food-paraguay-tour/","Food Paraguay Tour | How It Works","The ""Desayuno"" (The traditional breakfast) | The Icons (Sopa & Vorí Vorí) | The Street Legend (The Lomito) | Come Hungry | We Pick You Up | We Feast | FAQ | Don't just see Paraguay—Taste it. | Page | Important Link | Our Newsletter","max-image-preview:large"
"/food-park-mburucuya-a-culinary-oasis-in-asuncion/","200","Food Park Mburucuyá: a culinary oasis in Asunción – thingstodoinparaguay.com","","https://thingstodoinparaguay.com/food-park-mburucuya-a-culinary-oasis-in-asuncion/","","Food Park Mburucuyá: a culinary oasis in Asunción | Leave a Reply Cancel reply | Page | Important Link | Our Newsletter","max-image-preview:large"
"/healthcare-paraguay/","200","Healthcare Paraguay – thingstodoinparaguay.com","","https://thingstodoinparaguay.com/healthcare-paraguay/","Healthcare Paraguay | Why Choose Us? | Practical Information","FAQ | Your Health is Your Wealth. Don't Navigate the System Alone. | Page | Important Link | Our Newsletter","max-image-preview:large"
"/home/","200","Home – thingstodoinparaguay.com","","https://thingstodoinparaguay.com/home/","Paraguay","Discover Paraguay: South America’s Hidden Gem | Let Trexplore Handle Every Part of Your Travel | Explore Our Services Tailored to Your Journey | Unmissable Adventures in Paraguay | Most Popular Questions | Page | Important Link | Our Newsletter","max-image-preview:large"
"/iguazu-falls-from-asuncion/","200","Iguazu Falls from Asuncion – thingstodoinparaguay.com","","https://thingstodoinparaguay.com/iguazu-falls-from-asuncion/","Iguazu Falls from Asuncion | Why Choose This Tour? | Practical Information","The Road Trip | The Brazilian Side (The Panorama) | The Argentine Side (The Immersion) | The Macuco Safari (Optional Add-on) | FAQ | Don't Leave South America without seeing This. It’s a long road, but the destination is Eternal. | Page | Important Link | Our Newsletter","max-image-preview:large"
"/iguazu-falls/","200","Iguazú Falls: A Must-See Adventure Near Paraguay – thingstodoinparaguay.com","","https://thingstodoinparaguay.com/iguazu-falls/","","Iguazú Falls: A Must-See Adventure Near Paraguay | Leave a Reply Cancel reply | Page | Important Link | Our Newsletter","max-image-preview:large"
"/is-paraguay-safe/","200","Is Paraguay Safe? – thingstodoinparaguay.com","","https://thingstodoinparaguay.com/is-paraguay-safe/","","Is Paraguay Safe? | Leave a Reply Cancel reply | Page | Important Link | Our Newsletter","max-image-preview:large"
"/itaipu-dam-tour/","200","Itaipu Dam Tour – thingstodoinparaguay.com","","https://thingstodoinparaguay.com/itaipu-dam-tour/","Itaipu Dam Tour | Why Choose This Tour? | Practical Information","The Arrival & The Museum | The Panoramic Tour | The Top of the Wall | Effortless Logistics | Bridge the Language Gap | Safety & Comfort | FAQ | Don't Just Read the Statistics. Feel the Power. | Page | Important Link | Our Newsletter","max-image-preview:large"
"/jesuit-missions-paraguay/","200","The Jesuit Missions of Paraguay: Why You Should Add Them to Your Life-Changing Itinerary – thingstodoinparaguay.com","","https://thingstodoinparaguay.com/jesuit-missions-paraguay/","","The Jesuit Missions of Paraguay: Why You Should Add Them to Your Life-Changing Itinerary | Leave a Reply Cancel reply | Page | Important Link | Our Newsletter","max-image-preview:large"
"/jesuit-ruins-tour/","200","Jesuit Ruins Tour – thingstodoinparaguay.com","","https://thingstodoinparaguay.com/jesuit-ruins-tour/","Jesuit Ruins Tour | Why Choose This Tour? | Practical Information","The Drive Through the Countryside | La Santísima Trinidad del Paraná | Jesús de Tavarangue | Comfort is Key | Historical Expertise | Capture the Perfect Memory | FAQ | Witness the Legacy. | Page | Important Link | Our Newsletter","max-image-preview:large"
"/mbatovi-ecoadventure/","200","Explore Eco‑Reserva Mbatoví: Paraguay’s premier eco‑adventure destination – thingstodoinparaguay.com","","https://thingstodoinparaguay.com/mbatovi-ecoadventure/","","Explore Eco‑Reserva Mbatoví: Paraguay’s premier eco‑adventure destination | Leave a Reply Cancel reply | Page | Important Link | Our Newsletter","max-image-preview:large"
"/pantanal-paraguayo/","200","Exploring the Pantanal Paraguayo – thingstodoinparaguay.com","","https://thingstodoinparaguay.com/pantanal-paraguayo/","","Exploring the Pantanal Paraguayo | Leave a Reply Cancel reply | Page | Important Link | Our Newsletter","max-image-preview:large"
"/paraguay-beaches/","200","Paraguay’s Hidden Beach Paradises: More Than Just a Landlocked Country – thingstodoinparaguay.com","","https://thingstodoinparaguay.com/paraguay-beaches/","","Paraguay’s Hidden Beach Paradises: More Than Just a Landlocked Country | Leave a Reply Cancel reply | Page | Important Link | Our Newsletter","max-image-preview:large"
"/paraguay-culture-tour/","200","Paraguay Culture Tour – thingstodoinparaguay.com","","https://thingstodoinparaguay.com/paraguay-culture-tour/","Paraguay Culture Tour | Why Choose This Tour? | Practical Information","Stop 1: The City of Lace (Itauguá) | Stop 2: The Spiritual Capital (Caacupé) | Stop 3: The Creative Village (Areguá) | FAQ | Escape the City. Touch the Tradition. | Page | Important Link | Our Newsletter","max-image-preview:large"
"/paraguay-national-parks/","200","Exploring Paraguay’s National Parks: A journey through diversity & wilderness – thingstodoinparaguay.com","","https://thingstodoinparaguay.com/paraguay-national-parks/","","Exploring Paraguay’s National Parks: A journey through diversity & wilderness | Leave a Reply Cancel reply | Page | Important Link | Our Newsletter","max-image-preview:large"
"/paraguay-real-estate-tour/","200","Paraguay Real Estate Tour – thingstodoinparaguay.com","","https://thingstodoinparaguay.com/paraguay-real-estate-tour/","Paraguay Real Estate Tour | Why Choose This Tour? | Practical Information","FAQ | Smart Investment Starts with Boots on the Ground. | Page | Important Link | Our Newsletter","max-image-preview:large"
"/paraguay-residency-service/","200","Paraguay Residency Service – thingstodoinparaguay.com","","https://thingstodoinparaguay.com/paraguay-residency-service/","Paraguay Residency Service | Who Is This For? | Practical Information","FAQ | Borders are Closing. Keep Your Options Open. | Page | Important Link | Our Newsletter","max-image-preview:large"
"/paraguay-sightseeing/","200","Paraguay Sightseeing: Explore the unexpected in South America’s hidden gem – thingstodoinparaguay.com","","https://thingstodoinparaguay.com/paraguay-sightseeing/","","Paraguay Sightseeing: Explore the unexpected in South America’s hidden gem | Leave a Reply Cancel reply | Page | Important Link | Our Newsletter","max-image-preview:large"
"/paraguay-souvenirs/","200","Paraguay Souvenirs – thingstodoinparaguay.com","","https://thingstodoinparaguay.com/paraguay-souvenirs/","Paraguay Souvenirs | Why Choose This Tour? | Practical Information","Ñandutí & Ao Po’i (Textiles) | Filigrana (Silver Jewelry) | Leather & Tereré Kits | Pottery & Wood | Storytelling Included | Hassle-Free Logistics | Customization | FAQ | Don't Buy Junk. Invest in Culture. | Page | Important Link | Our Newsletter","max-image-preview:large"
"/paraguay-tour/","200","Paraguay Tour – thingstodoinparaguay.com","","https://thingstodoinparaguay.com/paraguay-tour/","Paraguay Tour | How it Works? | Practical Information","FAQ | Let’s build something unique. No Scripts. No Crowds. Just Your Journey. | Page | Important Link | Our Newsletter","max-image-preview:large"
"/paraguay-tourism-guide/","200","Paraguay Tourism Guide – thingstodoinparaguay.com","","https://thingstodoinparaguay.com/paraguay-tourism-guide/","Paraguay Tourism Guide | Why Buy This Guide? | Practical Information","FAQ | Carry a Local in Your Pocket. | Page | Important Link | Our Newsletter","max-image-preview:large"
"/paraguay-travel-advice/","200","Paraguay Travel Advice: Essential tips for a smooth trip – thingstodoinparaguay.com","","https://thingstodoinparaguay.com/paraguay-travel-advice/","","Paraguay Travel Advice: Essential tips for a smooth trip | Leave a Reply Cancel reply | Page | Important Link | Our Newsletter","max-image-preview:large"
"/paraguayan-cuisine/","200","A food lover’s Guide to Paraguayan Cuisine – thingstodoinparaguay.com","","https://thingstodoinparaguay.com/paraguayan-cuisine/","","A food lover’s Guide to Paraguayan Cuisine | Leave a Reply Cancel reply | Page | Important Link | Our Newsletter","max-image-preview:large"
"/pricing/","200","Pricing – thingstodoinparaguay.com","","https://thingstodoinparaguay.com/pricing/","","Page | Important Link | Our Newsletter","max-image-preview:large"
"/private-driver/","200","Private Driver – thingstodoinparaguay.com","","https://thingstodoinparaguay.com/private-driver/","Private Driver | Why Choose Us? | Practical Information","Inter-City Transfers | FAQ | Arrive on Time and In Style. Your Car is Waiting. | Page | Important Link | Our Newsletter","max-image-preview:large"
"/remote-work-life-in-asuncion-cafes-coworking-internet-you-can-rely-on/","200","Remote Work Life in Asunción: Cafés, Coworking & Internet You Can Rely On – thingstodoinparaguay.com","","https://thingstodoinparaguay.com/remote-work-life-in-asuncion-cafes-coworking-internet-you-can-rely-on/","","Remote Work Life in Asunción: Cafés, Coworking & Internet You Can Rely On | Leave a Reply Cancel reply | Page | Important Link | Our Newsletter","max-image-preview:large"
"/rent-car/","200","Rent Car – thingstodoinparaguay.com","","https://thingstodoinparaguay.com/rent-car/","","Page | Important Link | Our Newsletter","max-image-preview:large"
"/renting-apartment-asuncion/","200","Renting an Apartment in Asunción: What You Need to Know – thingstodoinparaguay.com","","https://thingstodoinparaguay.com/renting-apartment-asuncion/","","Renting an Apartment in Asunción: What You Need to Know | Leave a Reply Cancel reply | Page | Important Link | Our Newsletter","max-image-preview:large"
"/restaurants-asuncion-guide/","200","Restaurants Asuncion Guide – thingstodoinparaguay.com","","https://thingstodoinparaguay.com/restaurants-asuncion-guide/","Restaurants Asuncion Guide | Why Choose This Service? | Practical Information","The Cathedral of Beef (The Parrilla Experience) | The Modern Fusion Scene | The Hidden Garden Dinner | Access & Exclusivity | The ""Menu Anxiety"" Cure | Seamless Logistics | FAQ | Don't Eat Like a Tourist. Eat Like a King. | Page | Important Link | Our Newsletter","max-image-preview:large"
"/salto-cristal-tour/","200","Salto Cristal Tour – thingstodoinparaguay.com","","https://thingstodoinparaguay.com/salto-cristal-tour/","Salto Cristal Tour | Why Choose This Tour? | Practical Information","The Rural Drive | The Descent | The Natural Pool | The Picnic | FAQ | Ready to Disconnect and Dive In? Don't Let the Map Intimidate You. | Page | Important Link | Our Newsletter","max-image-preview:large"
"/san-bernardino-trip/","200","San Bernardino Trip – thingstodoinparaguay.com","","https://thingstodoinparaguay.com/san-bernardino-trip/","San Bernardino Trip | Why Choose This Tour? | Practical Information","The German Legacy | The Sweetest Stop (The Bollos) | The Panoramic View | Sunset by the Lake | FAQ | Ready for a Lakeside Escape? Slow Down and Savor the Moment. | Page | Important Link | Our Newsletter","max-image-preview:large"
"/san-bernardino/","200","Discover San Bernardino, Paraguay – A Chic Lakefront Getaway for Relaxation and Fun – thingstodoinparaguay.com","","https://thingstodoinparaguay.com/san-bernardino/","","Discover San Bernardino, Paraguay – A Chic Lakefront Getaway for Relaxation and Fun | Leave a Reply Cancel reply | Page | Important Link | Our Newsletter","max-image-preview:large"
"/school-placement/","200","School Placement – thingstodoinparaguay.com","","https://thingstodoinparaguay.com/school-placement/","School Placement | Why Choose Us? | Practical Information","FAQ | Happy Kids Make a Successful Move. | Page | Important Link | Our Newsletter","max-image-preview:large"
"/serrania-san-luis-national-park/","200","Serranía San Luis National Park: Paraguay’s Hidden Wildscape – thingstodoinparaguay.com","","https://thingstodoinparaguay.com/serrania-san-luis-national-park/","","Serranía San Luis National Park: Paraguay’s Hidden Wildscape | Leave a Reply Cancel reply | Page | Important Link | Our Newsletter","max-image-preview:large"
"/service/","200","Tours – thingstodoinparaguay.com","","https://thingstodoinparaguay.com/service/","Tours","Guided Tours That Connect You With the Real Paraguay | Most Popular Questions | Page | Important Link | Our Newsletter","max-image-preview:large"
"/services/","200","Services – thingstodoinparaguay.com","","https://thingstodoinparaguay.com/services/","Services","Get the Help You Need, from Arrival to Adventure | Explore Our Travel Services Tailored to Your Journey | Experience Paraguay Without the Hassle | Page | Important Link | Our Newsletter","max-image-preview:large"
"/shopping-asuncion/","200","Shopping Asuncion – thingstodoinparaguay.com","","https://thingstodoinparaguay.com/shopping-asuncion/","Shopping Asuncion | The Experience | Why Choose This Service? | Practical Information","High-Tech & Electronics | The Mall Experience (Fashion & Luxury) | Leather & Artisan Goods | Price Negotiation | Safety & Security | Genuine Product Verification | FAQ | Ready to Shop Like an Insider? | Page | Important Link | Our Newsletter","max-image-preview:large"
"/shopping-beaches/","200","Shopping, Culture & Beaches: Two essential Paraguayan cities for visitors – thingstodoinparaguay.com","","https://thingstodoinparaguay.com/shopping-beaches/","","Shopping, Culture & Beaches: Two essential Paraguayan cities for visitors | Leave a Reply Cancel reply | Page | Important Link | Our Newsletter","max-image-preview:large"
"/shopping-in-asuncion/","200","Shopping in Asunción – thingstodoinparaguay.com","","https://thingstodoinparaguay.com/shopping-in-asuncion/","","Shopping in Asunción | Leave a Reply Cancel reply | Page | Important Link | Our Newsletter","max-image-preview:large"
"/team/","200","Team – thingstodoinparaguay.com","","https://thingstodoinparaguay.com/team/","","Page | Important Link | Our Newsletter","max-image-preview:large"
"/top-places-paraguay/","200","Top Places to Discover in Paraguay – thingstodoinparaguay.com","","https://thingstodoinparaguay.com/top-places-paraguay/","","Top Places to Discover in Paraguay | Leave a Reply Cancel reply | Page | Important Link | Our Newsletter","max-image-preview:large"
"/tourist-attractions-paraguay/","200","Tourist Attractions in Paraguay – thingstodoinparaguay.com","","https://thingstodoinparaguay.com/tourist-attractions-paraguay/","","Page | Important Link | Our Newsletter","max-image-preview:large"
"/travel-planner/","200","Travel Planner – thingstodoinparaguay.com","","https://thingstodoinparaguay.com/travel-planner/","Travel Planner | Why Pay for a Planner? | Practical Information","FAQ | Your Adventure. Our Blueprint. Don't Travel Blind. | Page | Important Link | Our Newsletter","max-image-preview:large"
"/villa-morra-food-park/","200","Villa Morra Food Park in Asunción – thingstodoinparaguay.com","","https://thingstodoinparaguay.com/villa-morra-food-park/","","Villa Morra Food Park in Asunción | Leave a Reply Cancel reply | Page | Important Link | Our Newsletter","max-image-preview:large"
"/waterfalls-paraguay/","200","The Most Beautiful Waterfalls in Paraguay: A Nature Lover’s Guide – thingstodoinparaguay.com","","https://thingstodoinparaguay.com/waterfalls-paraguay/","","The Most Beautiful Waterfalls in Paraguay: A Nature Lover’s Guide | Leave a Reply Cancel reply | Page | Important Link | Our Newsletter","max-image-preview:large"
"/what-to-do-in-asuncion/","200","What to Do in Asunción: Discover the Soul of Paraguay – thingstodoinparaguay.com","","https://thingstodoinparaguay.com/what-to-do-in-asuncion/","","What to Do in Asunción: Discover the Soul of Paraguay | Leave a Reply Cancel reply | Page | Important Link | Our Newsletter","max-image-preview:large"
"/yerba-mate-tour/","200","Yerba Mate Tour – thingstodoinparaguay.com","","https://thingstodoinparaguay.com/yerba-mate-tour/","Yerba Mate Tour | Why Choose This Tour? | Practical Information | Yerba Mate Tour | Why Choose This Tour? | Practical Information","The Nursery (The Beginning) | The Barbacuá (The Fire) | The Tasting Ritual | FAQ | Ready to Energize Your Trip? Drink it Like a Local. | Ñandutí & Ao Po’i (Textiles) | Filigrana (Silver Jewelry) | Leather & Tereré Kits | Pottery & Wood | Storytelling Included | Hassle-Free Logistics | Customization | FAQ | Don't Buy Junk. Invest in Culture. | Page | Important Link | Our Newsletter","max-image-preview:large"
